,code,candleDateTime,candleDateTimeKst,openingPrice,highPrice,lowPrice,tradePrice,candleAccTradeVolume,candleAccTradePrice,timestamp,prevClosingPrice,change,changePrice,signedChangePrice,changeRate,signedChangeRate
0,CRIX.UPBIT.KRW-BTC,2020-08-23T00:00:00+00:00,2020-08-23T09:00:00+09:00,13850000.0,13856000.0,13730000.0,13765000.0,709.88605011,9784808770.48466,1598164589799,13840000.0,FALL,75000.0,-75000.0,0.0054190751,-0.0054190751
1,CRIX.UPBIT.KRW-BTC,2020-08-22T00:00:00+00:00,2020-08-22T09:00:00+09:00,13781000.0,13850000.0,13500000.0,13840000.0,3325.65334899,45598030757.90414,1598140799374,13781000.0,RISE,59000.0,59000.0,0.0042812568,0.0042812568
2,CRIX.UPBIT.KRW-BTC,2020-08-21T00:00:00+00:00,2020-08-21T09:00:00+09:00,13951000.0,14012000.0,13761000.0,13781000.0,4571.55575689,63620712174.25728,1598054399868,13967000.0,FALL,186000.0,-186000.0,0.0133171046,-0.0133171046
3,CRIX.UPBIT.KRW-BTC,2020-08-20T00:00:00+00:00,2020-08-20T09:00:00+09:00,13884000.0,14050000.0,13750000.0,13967000.0,3049.38761238,42298639750.02728,1597967995849,13878000.0,RISE,89000.0,89000.0,0.0064130278,0.0064130278
4,CRIX.UPBIT.KRW-BTC,2020-08-19T00:00:00+00:00,2020-08-19T09:00:00+09:00,14002000.0,14084000.0,13666000.0,13878000.0,5471.16152561,75853613513.93965,1597881596657,14000000.0,FALL,122000.0,-122000.0,0.0087142857,-0.0087142857
5,CRIX.UPBIT.KRW-BTC,2020-08-18T00:00:00+00:00,2020-08-18T09:00:00+09:00,14202000.0,14339000.0,13811000.0,14000000.0,5958.55361166,84322639567.739,1597795199012,14204000.0,FALL,204000.0,-204000.0,0.0143621515,-0.0143621515
6,CRIX.UPBIT.KRW-BTC,2020-08-17T00:00:00+00:00,2020-08-17T09:00:00+09:00,13889000.0,14382000.0,13809000.0,14204000.0,7068.79872423,99435021020.21393,1597708799588,13889000.0,RISE,315000.0,315000.0,0.0226798186,0.0226798186
7,CRIX.UPBIT.KRW-BTC,2020-08-16T00:00:00+00:00,2020-08-16T09:00:00+09:00,13867000.0,13962000.0,13751000.0,13889000.0,2621.22026284,36320366073.8914,1597622398807,13878000.0,RISE,11000.0,11000.0,0.0007926214,0.0007926214
8,CRIX.UPBIT.KRW-BTC,2020-08-15T00:00:00+00:00,2020-08-15T09:00:00+09:00,13845000.0,14051000.0,13796000.0,13878000.0,3784.70679521,52743660027.41968,1597535999448,13846000.0,RISE,32000.0,32000.0,0.0023111368,0.0023111368
9,CRIX.UPBIT.KRW-BTC,2020-08-14T00:00:00+00:00,2020-08-14T09:00:00+09:00,13810000.0,13939000.0,13706000.0,13846000.0,5427.79561059,74921142332.9244,1597449592366,13810000.0,RISE,36000.0,36000.0,0.0026068067,0.0026068067
10,CRIX.UPBIT.KRW-BTC,2020-08-13T00:00:00+00:00,2020-08-13T09:00:00+09:00,13708000.0,13890000.0,13398000.0,13810000.0,6509.12009099,88906429409.5377,1597363200099,13709000.0,RISE,101000.0,101000.0,0.0073674229,0.0073674229
11,CRIX.UPBIT.KRW-BTC,2020-08-12T00:00:00+00:00,2020-08-12T09:00:00+09:00,13619000.0,13745000.0,13306000.0,13709000.0,4491.1064638,60893951822.17933,1597276795392,13619000.0,RISE,90000.0,90000.0,0.0066084147,0.0066084147
12,CRIX.UPBIT.KRW-BTC,2020-08-11T00:00:00+00:00,2020-08-11T09:00:00+09:00,13994000.0,14042000.0,13337000.0,13619000.0,7038.42556936,97125046629.61996,1597190399327,13990000.0,FALL,371000.0,-371000.0,0.0265189421,-0.0265189421
13,CRIX.UPBIT.KRW-BTC,2020-08-10T00:00:00+00:00,2020-08-10T09:00:00+09:00,13814000.0,14280000.0,13746000.0,13990000.0,6087.49693672,85460645789.7747,1597103999989,13820000.0,RISE,170000.0,170000.0,0.012301013,0.012301013
14,CRIX.UPBIT.KRW-BTC,2020-08-09T00:00:00+00:00,2020-08-09T09:00:00+09:00,13884000.0,13905000.0,13652000.0,13820000.0,2856.75718036,39378187572.07279,1597017599080,13887000.0,FALL,67000.0,-67000.0,0.0048246562,-0.0048246562
15,CRIX.UPBIT.KRW-BTC,2020-08-08T00:00:00+00:00,2020-08-08T09:00:00+09:00,13777000.0,13960000.0,13710000.0,13887000.0,2600.97888267,36002526305.62443,1596931196746,13777000.0,RISE,110000.0,110000.0,0.0079843217,0.0079843217
16,CRIX.UPBIT.KRW-BTC,2020-08-07T00:00:00+00:00,2020-08-07T09:00:00+09:00,13883000.0,14064000.0,13551000.0,13777000.0,4462.32806533,61891807766.65191,1596844799435,13884000.0,FALL,107000.0,-107000.0,0.0077067128,-0.0077067128
17,CRIX.UPBIT.KRW-BTC,2020-08-06T00:00:00+00:00,2020-08-06T09:00:00+09:00,13843000.0,14036000.0,13666000.0,13884000.0,5736.95470128,79503792786.72746,1596758399549,13843000.0,RISE,41000.0,41000.0,0.0029617857,0.0029617857
18,CRIX.UPBIT.KRW-BTC,2020-08-05T00:00:00+00:00,2020-08-05T09:00:00+09:00,13322000.0,13881000.0,13229000.0,13843000.0,7147.3390046,96484982554.87483,1596671998568,13319000.0,RISE,524000.0,524000.0,0.039342293,0.039342293
19,CRIX.UPBIT.KRW-BTC,2020-08-04T00:00:00+00:00,2020-08-04T09:00:00+09:00,13273000.0,13488000.0,13130000.0,13319000.0,4322.71665983,57720109204.97258,1596585596323,13272000.0,RISE,47000.0,47000.0,0.0035412899,0.0035412899
20,CRIX.UPBIT.KRW-BTC,2020-08-03T00:00:00+00:00,2020-08-03T09:00:00+09:00,13030000.0,13573000.0,12945000.0,13272000.0,4402.74282417,58620021046.76539,1596499200190,13030000.0,RISE,242000.0,242000.0,0.0185725249,0.0185725249
21,CRIX.UPBIT.KRW-BTC,2020-08-02T00:00:00+00:00,2020-08-02T09:00:00+09:00,13922000.0,14380000.0,12871000.0,13030000.0,10730.69157929,144622415973.50195,1596412799129,13922000.0,FALL,892000.0,-892000.0,0.0640712541,-0.0640712541
22,CRIX.UPBIT.KRW-BTC,2020-08-01T00:00:00+00:00,2020-08-01T09:00:00+09:00,13404000.0,13969000.0,13271000.0,13922000.0,5463.18173849,75023194211.60835,1596326387666,13416000.0,RISE,506000.0,506000.0,0.0377161598,0.0377161598
23,CRIX.UPBIT.KRW-BTC,2020-07-31T00:00:00+00:00,2020-07-31T09:00:00+09:00,13097000.0,13580000.0,12961000.0,13416000.0,4608.2997854,61115626279.73356,1596239998663,13098000.0,RISE,318000.0,318000.0,0.0242785158,0.0242785158
24,CRIX.UPBIT.KRW-BTC,2020-07-30T00:00:00+00:00,2020-07-30T09:00:00+09:00,13123000.0,13170000.0,12800000.0,13098000.0,4755.53271504,61951212852.32407,1596153596080,13124000.0,FALL,26000.0,-26000.0,0.0019811033,-0.0019811033
25,CRIX.UPBIT.KRW-BTC,2020-07-29T00:00:00+00:00,2020-07-29T09:00:00+09:00,12774000.0,13368000.0,12701000.0,13124000.0,5839.53216975,76329757196.03754,1596067197238,12772000.0,RISE,352000.0,352000.0,0.0275602881,0.0275602881
26,CRIX.UPBIT.KRW-BTC,2020-07-28T00:00:00+00:00,2020-07-28T09:00:00+09:00,12914000.0,13202000.0,12515000.0,12772000.0,7553.15293197,97625728882.80054,1595980797381,12916000.0,FALL,144000.0,-144000.0,0.0111489625,-0.0111489625
27,CRIX.UPBIT.KRW-BTC,2020-07-27T00:00:00+00:00,2020-07-27T09:00:00+09:00,11706000.0,13275000.0,11701000.0,12916000.0,10523.35454822,130460072284.42549,1595894399613,11715000.0,RISE,1201000.0,1201000.0,0.1025181391,0.1025181391
28,CRIX.UPBIT.KRW-BTC,2020-07-26T00:00:00+00:00,2020-07-26T09:00:00+09:00,11477000.0,11909000.0,11416000.0,11715000.0,4143.37023378,48415693383.71608,1595807988337,11477000.0,RISE,238000.0,238000.0,0.0207371264,0.0207371264
29,CRIX.UPBIT.KRW-BTC,2020-07-25T00:00:00+00:00,2020-07-25T09:00:00+09:00,11346000.0,11500000.0,11333000.0,11477000.0,1583.49670631,18061315980.4953,1595721599611,11346000.0,RISE,131000.0,131000.0,0.0115459193,0.0115459193
30,CRIX.UPBIT.KRW-BTC,2020-07-24T00:00:00+00:00,2020-07-24T09:00:00+09:00,11322000.0,11438000.0,11238000.0,11346000.0,2160.08749256,24458186720.64186,1595635197925,11331000.0,RISE,15000.0,15000.0,0.001323802,0.001323802
31,CRIX.UPBIT.KRW-BTC,2020-07-23T00:00:00+00:00,2020-07-23T09:00:00+09:00,11258000.0,11418000.0,11183000.0,11331000.0,3090.33493086,34844830670.65103,1595548799820,11269000.0,RISE,62000.0,62000.0,0.0055018191,0.0055018191
32,CRIX.UPBIT.KRW-BTC,2020-07-22T00:00:00+00:00,2020-07-22T09:00:00+09:00,11117000.0,11280000.0,11066000.0,11269000.0,2474.64316687,27574564361.92806,1595462399493,11123000.0,RISE,146000.0,146000.0,0.0131259552,0.0131259552
33,CRIX.UPBIT.KRW-BTC,2020-07-21T00:00:00+00:00,2020-07-21T09:00:00+09:00,10940000.0,11220000.0,10930000.0,11123000.0,3235.46831323,35838586966.12535,1595375995698,10950000.0,RISE,173000.0,173000.0,0.0157990868,0.0157990868
34,CRIX.UPBIT.KRW-BTC,2020-07-20T00:00:00+00:00,2020-07-20T09:00:00+09:00,10943000.0,10981000.0,10908000.0,10950000.0,1677.88924309,18353972822.9372,1595289597116,10943000.0,RISE,7000.0,7000.0,0.0006396783,0.0006396783
35,CRIX.UPBIT.KRW-BTC,2020-07-19T00:00:00+00:00,2020-07-19T09:00:00+09:00,10908000.0,10971000.0,10869000.0,10943000.0,976.01326268,10646124008.74412,1595203196028,10905000.0,RISE,38000.0,38000.0,0.0034846401,0.0034846401
36,CRIX.UPBIT.KRW-BTC,2020-07-18T00:00:00+00:00,2020-07-18T09:00:00+09:00,10949000.0,10990000.0,10894000.0,10905000.0,948.92757814,10364274365.33872,1595116756260,10937000.0,FALL,32000.0,-32000.0,0.002925848,-0.002925848
37,CRIX.UPBIT.KRW-BTC,2020-07-17T00:00:00+00:00,2020-07-17T09:00:00+09:00,10924000.0,10980000.0,10875000.0,10937000.0,1615.75315293,17633051344.94775,1595030400071,10934000.0,RISE,3000.0,3000.0,0.0002743735,0.0002743735
38,CRIX.UPBIT.KRW-BTC,2020-07-16T00:00:00+00:00,2020-07-16T09:00:00+09:00,10975000.0,11003000.0,10835000.0,10934000.0,2068.3561921,22590778578.36891,1594943998502,10975000.0,FALL,41000.0,-41000.0,0.0037357631,-0.0037357631
39,CRIX.UPBIT.KRW-BTC,2020-07-15T00:00:00+00:00,2020-07-15T09:00:00+09:00,11011000.0,11017000.0,10955000.0,10975000.0,1649.89414782,18128428283.91464,1594857585655,11010000.0,FALL,35000.0,-35000.0,0.0031789282,-0.0031789282
40,CRIX.UPBIT.KRW-BTC,2020-07-14T00:00:00+00:00,2020-07-14T09:00:00+09:00,11011000.0,11040000.0,10925000.0,11010000.0,2495.54897178,27426619157.0111,1594771198942,11000000.0,RISE,10000.0,10000.0,0.0009090909,0.0009090909
41,CRIX.UPBIT.KRW-BTC,2020-07-13T00:00:00+00:00,2020-07-13T09:00:00+09:00,11036000.0,11063000.0,10908000.0,11000000.0,2605.40348195,28708587699.24053,1594684795341,11036000.0,FALL,36000.0,-36000.0,0.0032620515,-0.0032620515
42,CRIX.UPBIT.KRW-BTC,2020-07-12T00:00:00+00:00,2020-07-12T09:00:00+09:00,10968000.0,11061000.0,10915000.0,11036000.0,1317.60522056,14475567008.02348,1594598398960,10957000.0,RISE,79000.0,79000.0,0.0072100027,0.0072100027
43,CRIX.UPBIT.KRW-BTC,2020-07-11T00:00:00+00:00,2020-07-11T09:00:00+09:00,11039000.0,11044000.0,10910000.0,10957000.0,1039.64848925,11412149191.39162,1594511995374,11043000.0,FALL,86000.0,-86000.0,0.0077877388,-0.0077877388
44,CRIX.UPBIT.KRW-BTC,2020-07-10T00:00:00+00:00,2020-07-10T09:00:00+09:00,10961000.0,11062000.0,10880000.0,11043000.0,2044.03731083,22365040789.62106,1594425584717,10961000.0,RISE,82000.0,82000.0,0.0074810692,0.0074810692
45,CRIX.UPBIT.KRW-BTC,2020-07-09T00:00:00+00:00,2020-07-09T09:00:00+09:00,11135000.0,11149000.0,10906000.0,10961000.0,2625.43221633,29019864172.58648,1594339199345,11138000.0,FALL,177000.0,-177000.0,0.0158915425,-0.0158915425
46,CRIX.UPBIT.KRW-BTC,2020-07-08T00:00:00+00:00,2020-07-08T09:00:00+09:00,10988000.0,11208000.0,10968000.0,11138000.0,3274.76981902,36222534300.68448,1594252797246,10988000.0,RISE,150000.0,150000.0,0.0136512559,0.0136512559
47,CRIX.UPBIT.KRW-BTC,2020-07-07T00:00:00+00:00,2020-07-07T09:00:00+09:00,11065000.0,11097000.0,10952000.0,10988000.0,1828.51713339,20112615095.54035,1594166398403,11065000.0,FALL,77000.0,-77000.0,0.0069588793,-0.0069588793
48,CRIX.UPBIT.KRW-BTC,2020-07-06T00:00:00+00:00,2020-07-06T09:00:00+09:00,10831000.0,11102000.0,10796000.0,11065000.0,2834.35626338,31078720052.75661,1594079998049,10831000.0,RISE,234000.0,234000.0,0.0216046533,0.0216046533
49,CRIX.UPBIT.KRW-BTC,2020-07-05T00:00:00+00:00,2020-07-05T09:00:00+09:00,10883000.0,10900000.0,10700000.0,10831000.0,1232.80955825,13334433838.9294,1593993599797,10884000.0,FALL,53000.0,-53000.0,0.0048695333,-0.0048695333
50,CRIX.UPBIT.KRW-BTC,2020-07-04T00:00:00+00:00,2020-07-04T09:00:00+09:00,10845000.0,10960000.0,10814000.0,10884000.0,1102.13769,11972124979.85412,1593907199207,10837000.0,RISE,47000.0,47000.0,0.0043369936,0.0043369936
51,CRIX.UPBIT.KRW-BTC,2020-07-03T00:00:00+00:00,2020-07-03T09:00:00+09:00,10888000.0,10920000.0,10821000.0,10837000.0,1446.240884,15727116468.99827,1593820788484,10888000.0,FALL,51000.0,-51000.0,0.0046840558,-0.0046840558
52,CRIX.UPBIT.KRW-BTC,2020-07-02T00:00:00+00:00,2020-07-02T09:00:00+09:00,11041000.0,11077000.0,10772000.0,10888000.0,2255.06730644,24728362589.51425,1593734390534,11051000.0,FALL,163000.0,-163000.0,0.0147497964,-0.0147497964
53,CRIX.UPBIT.KRW-BTC,2020-07-01T00:00:00+00:00,2020-07-01T09:00:00+09:00,10903000.0,11111000.0,10887000.0,11051000.0,1746.77991866,19167980240.11128,1593647985353,10903000.0,RISE,148000.0,148000.0,0.0135742456,0.0135742456
54,CRIX.UPBIT.KRW-BTC,2020-06-30T00:00:00+00:00,2020-06-30T09:00:00+09:00,10980000.0,11004000.0,10882000.0,10903000.0,1491.98629021,16317539319.76393,1593561601838,10972000.0,FALL,69000.0,-69000.0,0.006288735,-0.006288735
55,CRIX.UPBIT.KRW-BTC,2020-06-29T00:00:00+00:00,2020-06-29T09:00:00+09:00,10970000.0,11033000.0,10814000.0,10972000.0,1945.52309302,21264996335.17508,1593475192379,10970000.0,RISE,2000.0,2000.0,0.0001823154,0.0001823154
56,CRIX.UPBIT.KRW-BTC,2020-06-28T00:00:00+00:00,2020-06-28T09:00:00+09:00,10913000.0,11163000.0,10756000.0,10970000.0,2015.60242521,21976597777.58106,1593388796966,10913000.0,RISE,57000.0,57000.0,0.0052231284,0.0052231284
57,CRIX.UPBIT.KRW-BTC,2020-06-27T00:00:00+00:00,2020-06-27T09:00:00+09:00,11045000.0,11051000.0,10791000.0,10913000.0,1712.14624703,18748578163.86562,1593302400065,11045000.0,FALL,132000.0,-132000.0,0.0119511091,-0.0119511091
58,CRIX.UPBIT.KRW-BTC,2020-06-26T00:00:00+00:00,2020-06-26T09:00:00+09:00,11151000.0,11185000.0,10901000.0,11045000.0,2087.94129459,23059816065.19254,1593215991362,11147000.0,FALL,102000.0,-102000.0,0.0091504441,-0.0091504441
59,CRIX.UPBIT.KRW-BTC,2020-06-25T00:00:00+00:00,2020-06-25T09:00:00+09:00,11232000.0,11232000.0,10842000.0,11147000.0,2709.1098932,29988117921.97428,1593129597002,11233000.0,FALL,86000.0,-86000.0,0.0076560135,-0.0076560135
60,CRIX.UPBIT.KRW-BTC,2020-06-24T00:00:00+00:00,2020-06-24T09:00:00+09:00,11506000.0,11553000.0,11110000.0,11233000.0,3231.00130679,36619784579.24557,1593043197259,11509000.0,FALL,276000.0,-276000.0,0.0239812321,-0.0239812321
61,CRIX.UPBIT.KRW-BTC,2020-06-23T00:00:00+00:00,2020-06-23T09:00:00+09:00,11593000.0,11649000.0,11488000.0,11509000.0,2329.40394614,26891343457.95127,1592956779716,11593000.0,FALL,84000.0,-84000.0,0.0072457517,-0.0072457517
62,CRIX.UPBIT.KRW-BTC,2020-06-22T00:00:00+00:00,2020-06-22T09:00:00+09:00,11235000.0,11675000.0,11232000.0,11593000.0,2696.34450507,30791755247.68615,1592870399859,11238000.0,RISE,355000.0,355000.0,0.0315892508,0.0315892508
63,CRIX.UPBIT.KRW-BTC,2020-06-21T00:00:00+00:00,2020-06-21T09:00:00+09:00,11317000.0,11355000.0,11225000.0,11238000.0,909.55526989,10272158821.35106,1592783996269,11325000.0,FALL,87000.0,-87000.0,0.0076821192,-0.0076821192
64,CRIX.UPBIT.KRW-BTC,2020-06-20T00:00:00+00:00,2020-06-20T09:00:00+09:00,11285000.0,11351000.0,11155000.0,11325000.0,1263.73290014,14231412199.29186,1592697592566,11286000.0,RISE,39000.0,39000.0,0.0034556087,0.0034556087
65,CRIX.UPBIT.KRW-BTC,2020-06-19T00:00:00+00:00,2020-06-19T09:00:00+09:00,11341000.0,11382000.0,11150000.0,11286000.0,2389.5177849,26946529628.96914,1592611197602,11341000.0,FALL,55000.0,-55000.0,0.0048496605,-0.0048496605
66,CRIX.UPBIT.KRW-BTC,2020-06-18T00:00:00+00:00,2020-06-18T09:00:00+09:00,11437000.0,11445000.0,11224000.0,11341000.0,2323.41197278,26381811751.81141,1592524792443,11437000.0,FALL,96000.0,-96000.0,0.0083938096,-0.0083938096
67,CRIX.UPBIT.KRW-BTC,2020-06-17T00:00:00+00:00,2020-06-17T09:00:00+09:00,11453000.0,11517000.0,11320000.0,11437000.0,2739.25545593,31238353648.22276,1592438400070,11453000.0,FALL,16000.0,-16000.0,0.0013970139,-0.0013970139
68,CRIX.UPBIT.KRW-BTC,2020-06-16T00:00:00+00:00,2020-06-16T09:00:00+09:00,11339000.0,11492000.0,11267000.0,11453000.0,3026.56824254,34502891643.72859,1592351998739,11346000.0,RISE,107000.0,107000.0,0.0094306363,0.0094306363
69,CRIX.UPBIT.KRW-BTC,2020-06-15T00:00:00+00:00,2020-06-15T09:00:00+09:00,11246000.0,11415000.0,10770000.0,11346000.0,4693.79393111,52014354737.37485,1592265594755,11246000.0,RISE,100000.0,100000.0,0.0088920505,0.0088920505
70,CRIX.UPBIT.KRW-BTC,2020-06-14T00:00:00+00:00,2020-06-14T09:00:00+09:00,11382000.0,11395000.0,11156000.0,11246000.0,1408.07350246,15908809805.70998,1592179187272,11388000.0,FALL,142000.0,-142000.0,0.0124692659,-0.0124692659
71,CRIX.UPBIT.KRW-BTC,2020-06-13T00:00:00+00:00,2020-06-13T09:00:00+09:00,11374000.0,11406000.0,11272000.0,11388000.0,1212.95040947,13771682146.27066,1592092798420,11380000.0,RISE,8000.0,8000.0,0.0007029877,0.0007029877
72,CRIX.UPBIT.KRW-BTC,2020-06-12T00:00:00+00:00,2020-06-12T09:00:00+09:00,11090000.0,11449000.0,11062000.0,11380000.0,2651.81738048,30023306034.86605,1592006400134,11090000.0,RISE,290000.0,290000.0,0.0261496844,0.0261496844
73,CRIX.UPBIT.KRW-BTC,2020-06-11T00:00:00+00:00,2020-06-11T09:00:00+09:00,11732000.0,11799000.0,11058000.0,11090000.0,4545.21507399,52048827002.70474,1591919999557,11737000.0,FALL,647000.0,-647000.0,0.0551248189,-0.0551248189
74,CRIX.UPBIT.KRW-BTC,2020-06-10T00:00:00+00:00,2020-06-10T09:00:00+09:00,11688000.0,11847000.0,11590000.0,11737000.0,2283.58557932,26666609379.25478,1591833599603,11688000.0,RISE,49000.0,49000.0,0.004192334,0.004192334
75,CRIX.UPBIT.KRW-BTC,2020-06-09T00:00:00+00:00,2020-06-09T09:00:00+09:00,11690000.0,11777000.0,11550000.0,11688000.0,2610.12478709,30362395603.98765,1591747198366,11690000.0,FALL,2000.0,-2000.0,0.0001710864,-0.0001710864
76,CRIX.UPBIT.KRW-BTC,2020-06-08T00:00:00+00:00,2020-06-08T09:00:00+09:00,11680000.0,11719000.0,11560000.0,11690000.0,1728.38288947,20145057135.3058,1591660799173,11687000.0,RISE,3000.0,3000.0,0.0002566955,0.0002566955
77,CRIX.UPBIT.KRW-BTC,2020-06-07T00:00:00+00:00,2020-06-07T09:00:00+09:00,11641000.0,11786000.0,11373000.0,11687000.0,2655.73231992,30687558395.58496,1591574399613,11641000.0,RISE,46000.0,46000.0,0.0039515506,0.0039515506
78,CRIX.UPBIT.KRW-BTC,2020-06-06T00:00:00+00:00,2020-06-06T09:00:00+09:00,11601000.0,11699000.0,11512000.0,11641000.0,1459.86807286,16923944615.25668,1591487997286,11597000.0,RISE,44000.0,44000.0,0.0037940847,0.0037940847
79,CRIX.UPBIT.KRW-BTC,2020-06-05T00:00:00+00:00,2020-06-05T09:00:00+09:00,11785000.0,11855000.0,11561000.0,11597000.0,2593.82582445,30417222202.8857,1591401574174,11784000.0,FALL,187000.0,-187000.0,0.0158689749,-0.0158689749
80,CRIX.UPBIT.KRW-BTC,2020-06-04T00:00:00+00:00,2020-06-04T09:00:00+09:00,11659000.0,11865000.0,11470000.0,11784000.0,4182.02295157,48833048011.10401,1591315197232,11659000.0,RISE,125000.0,125000.0,0.0107213312,0.0107213312
81,CRIX.UPBIT.KRW-BTC,2020-06-03T00:00:00+00:00,2020-06-03T09:00:00+09:00,11520000.0,11661000.0,11401000.0,11648000.0,3039.98605262,35062388672.07668,1591228800615,11520000.0,RISE,128000.0,128000.0,0.0111111111,0.0111111111
82,CRIX.UPBIT.KRW-BTC,2020-06-02T00:00:00+00:00,2020-06-02T09:00:00+09:00,12111000.0,12173000.0,11301000.0,11520000.0,8745.47328502,102916956260.46538,1591142394279,12112000.0,FALL,592000.0,-592000.0,0.0488771466,-0.0488771466
83,CRIX.UPBIT.KRW-BTC,2020-06-01T00:00:00+00:00,2020-06-01T09:00:00+09:00,11432000.0,12230000.0,11402000.0,12112000.0,6160.91557592,72340680825.97015,1591056000156,11432000.0,RISE,680000.0,680000.0,0.0594821554,0.0594821554
84,CRIX.UPBIT.KRW-BTC,2020-05-31T00:00:00+00:00,2020-05-31T09:00:00+09:00,11583000.0,11585000.0,11363000.0,11432000.0,2525.31346136,28986252421.63876,1590969594783,11581000.0,FALL,149000.0,-149000.0,0.012865901,-0.012865901
85,CRIX.UPBIT.KRW-BTC,2020-05-30T00:00:00+00:00,2020-05-30T09:00:00+09:00,11397000.0,11603000.0,11303000.0,11581000.0,3047.33666992,34962042868.58011,1590883199222,11398000.0,RISE,183000.0,183000.0,0.0160554483,0.0160554483
86,CRIX.UPBIT.KRW-BTC,2020-05-29T00:00:00+00:00,2020-05-29T09:00:00+09:00,11579000.0,11603000.0,11276000.0,11398000.0,2986.57917583,34168970855.99476,1590796792240,11579000.0,FALL,181000.0,-181000.0,0.0156317471,-0.0156317471
87,CRIX.UPBIT.KRW-BTC,2020-05-28T00:00:00+00:00,2020-05-28T09:00:00+09:00,11151000.0,11600000.0,11104000.0,11579000.0,4438.47314114,50285107803.29857,1590710396239,11163000.0,RISE,416000.0,416000.0,0.0372659679,0.0372659679
88,CRIX.UPBIT.KRW-BTC,2020-05-27T00:00:00+00:00,2020-05-27T09:00:00+09:00,10724000.0,11187000.0,10722000.0,11163000.0,4433.78330122,48719227591.04233,1590623998203,10729000.0,RISE,434000.0,434000.0,0.0404511138,0.0404511138
89,CRIX.UPBIT.KRW-BTC,2020-05-26T00:00:00+00:00,2020-05-26T09:00:00+09:00,10821000.0,10929000.0,10611000.0,10729000.0,3154.58974572,34017141090.68883,1590537599582,10825000.0,FALL,96000.0,-96000.0,0.0088683603,-0.0088683603
90,CRIX.UPBIT.KRW-BTC,2020-05-25T00:00:00+00:00,2020-05-25T09:00:00+09:00,10663000.0,10886000.0,10507000.0,10825000.0,4299.98228167,45994606185.37958,1590451195803,10664000.0,RISE,161000.0,161000.0,0.0150975244,0.0150975244
91,CRIX.UPBIT.KRW-BTC,2020-05-24T00:00:00+00:00,2020-05-24T09:00:00+09:00,11140000.0,11249000.0,10630000.0,10664000.0,3564.63324161,39202816222.70366,1590364799423,11140000.0,FALL,476000.0,-476000.0,0.0427289048,-0.0427289048
92,CRIX.UPBIT.KRW-BTC,2020-05-23T00:00:00+00:00,2020-05-23T09:00:00+09:00,11117000.0,11299000.0,11048000.0,11140000.0,2106.46390938,23533380573.82142,1590278399821,11117000.0,RISE,23000.0,23000.0,0.0020689035,0.0020689035
93,CRIX.UPBIT.KRW-BTC,2020-05-22T00:00:00+00:00,2020-05-22T09:00:00+09:00,11089000.0,11242000.0,10900000.0,11117000.0,4239.65573952,46992384425.02881,1590191998121,11089000.0,RISE,28000.0,28000.0,0.0025250248,0.0025250248
94,CRIX.UPBIT.KRW-BTC,2020-05-21T00:00:00+00:00,2020-05-21T09:00:00+09:00,11533000.0,11609000.0,10798000.0,11089000.0,7323.04594878,82011331058.865,1590105599946,11532000.0,FALL,443000.0,-443000.0,0.0384148456,-0.0384148456
95,CRIX.UPBIT.KRW-BTC,2020-05-20T00:00:00+00:00,2020-05-20T09:00:00+09:00,11727000.0,11800000.0,11350000.0,11532000.0,5246.78872844,60920389156.02524,1590019196685,11727000.0,FALL,195000.0,-195000.0,0.0166282937,-0.0166282937
96,CRIX.UPBIT.KRW-BTC,2020-05-19T00:00:00+00:00,2020-05-19T09:00:00+09:00,11704000.0,11833000.0,11430000.0,11727000.0,6500.9196183,75842909560.02188,1589932799392,11705000.0,RISE,22000.0,22000.0,0.0018795387,0.0018795387
97,CRIX.UPBIT.KRW-BTC,2020-05-18T00:00:00+00:00,2020-05-18T09:00:00+09:00,11619000.0,11899000.0,11380000.0,11705000.0,6557.54613956,76636994385.49396,1589846397019,11619000.0,RISE,86000.0,86000.0,0.0074016697,0.0074016697
98,CRIX.UPBIT.KRW-BTC,2020-05-17T00:00:00+00:00,2020-05-17T09:00:00+09:00,11322000.0,11831000.0,11275000.0,11619000.0,5191.71177335,60280951872.94652,1589759997090,11325000.0,RISE,294000.0,294000.0,0.0259602649,0.0259602649
99,CRIX.UPBIT.KRW-BTC,2020-05-16T00:00:00+00:00,2020-05-16T09:00:00+09:00,11314000.0,11570000.0,11175000.0,11325000.0,4514.14006125,51370088939.91094,1589673598192,11314000.0,RISE,11000.0,11000.0,0.0009722468,0.0009722468
100,CRIX.UPBIT.KRW-BTC,2020-05-15T00:00:00+00:00,2020-05-15T09:00:00+09:00,11777000.0,11839000.0,11229000.0,11314000.0,8174.219288,93931677153.55693,1589587196700,11776000.0,FALL,462000.0,-462000.0,0.039232337,-0.039232337
101,CRIX.UPBIT.KRW-BTC,2020-05-14T00:00:00+00:00,2020-05-14T09:00:00+09:00,11265000.0,11945000.0,11215000.0,11776000.0,10116.56034255,117382662080.18298,1589500794522,11268000.0,RISE,508000.0,508000.0,0.0450834221,0.0450834221
102,CRIX.UPBIT.KRW-BTC,2020-05-13T00:00:00+00:00,2020-05-13T09:00:00+09:00,10680000.0,11347000.0,10660000.0,11268000.0,5944.67623229,65233296419.20462,1589414396333,10677000.0,RISE,591000.0,591000.0,0.0553526271,0.0553526271
103,CRIX.UPBIT.KRW-BTC,2020-05-12T00:00:00+00:00,2020-05-12T09:00:00+09:00,10441000.0,10866000.0,10400000.0,10677000.0,5819.8769528,61999569614.48859,1589327994705,10448000.0,RISE,229000.0,229000.0,0.0219180704,0.0219180704
104,CRIX.UPBIT.KRW-BTC,2020-05-11T00:00:00+00:00,2020-05-11T09:00:00+09:00,10672000.0,11248000.0,10121000.0,10448000.0,13828.24763273,147447309178.38083,1589241600116,10671000.0,FALL,223000.0,-223000.0,0.0208977603,-0.0208977603
105,CRIX.UPBIT.KRW-BTC,2020-05-10T00:00:00+00:00,2020-05-10T09:00:00+09:00,11553000.0,11600000.0,10220000.0,10671000.0,14835.99641846,158191134175.9349,1589155198595,11553000.0,FALL,882000.0,-882000.0,0.0763438068,-0.0763438068
106,CRIX.UPBIT.KRW-BTC,2020-05-09T00:00:00+00:00,2020-05-09T09:00:00+09:00,11881000.0,11950000.0,11477000.0,11550000.0,6605.95307729,77216475460.70932,1589068800167,11881000.0,FALL,331000.0,-331000.0,0.0278596078,-0.0278596078
107,CRIX.UPBIT.KRW-BTC,2020-05-08T00:00:00+00:00,2020-05-08T09:00:00+09:00,11988000.0,12163000.0,11810000.0,11881000.0,7019.78931565,84166531533.30441,1588982400226,11998000.0,FALL,117000.0,-117000.0,0.0097516253,-0.0097516253
108,CRIX.UPBIT.KRW-BTC,2020-05-07T00:00:00+00:00,2020-05-07T09:00:00+09:00,11269000.0,12062000.0,11128000.0,11998000.0,10671.04670395,123671894271.41872,1588896000145,11269000.0,RISE,729000.0,729000.0,0.0646907445,0.0646907445
109,CRIX.UPBIT.KRW-BTC,2020-05-06T00:00:00+00:00,2020-05-06T09:00:00+09:00,10967000.0,11445000.0,10879000.0,11269000.0,7257.03242322,80958950441.74101,1588809594725,10972000.0,RISE,297000.0,297000.0,0.0270689027,0.0270689027
110,CRIX.UPBIT.KRW-BTC,2020-05-05T00:00:00+00:00,2020-05-05T09:00:00+09:00,10837000.0,11020000.0,10740000.0,10972000.0,5217.54069649,56764303650.11487,1588723199464,10850000.0,RISE,122000.0,122000.0,0.0112442396,0.0112442396
111,CRIX.UPBIT.KRW-BTC,2020-05-04T00:00:00+00:00,2020-05-04T09:00:00+09:00,10882000.0,10955000.0,10451000.0,10850000.0,6138.50405855,65617970194.4403,1588636799341,10887000.0,FALL,37000.0,-37000.0,0.0033985487,-0.0033985487
112,CRIX.UPBIT.KRW-BTC,2020-05-03T00:00:00+00:00,2020-05-03T09:00:00+09:00,10881000.0,11125000.0,10696000.0,10887000.0,5450.49595586,59616651319.59256,1588550398482,10882000.0,RISE,5000.0,5000.0,0.0004594744,0.0004594744
113,CRIX.UPBIT.KRW-BTC,2020-05-02T00:00:00+00:00,2020-05-02T09:00:00+09:00,10773000.0,10938000.0,10640000.0,10882000.0,4199.29888037,45342652581.14126,1588463998522,10773000.0,RISE,109000.0,109000.0,0.0101178873,0.0101178873
114,CRIX.UPBIT.KRW-BTC,2020-05-01T00:00:00+00:00,2020-05-01T09:00:00+09:00,10477000.0,11049000.0,10458000.0,10773000.0,7311.8450116,78473555696.99442,1588377595579,10477000.0,RISE,296000.0,296000.0,0.0282523623,0.0282523623
115,CRIX.UPBIT.KRW-BTC,2020-04-30T00:00:00+00:00,2020-04-30T09:00:00+09:00,10530000.0,11435000.0,10279000.0,10477000.0,18049.43050523,195179858446.4715,1588291200393,10530000.0,FALL,53000.0,-53000.0,0.0050332384,-0.0050332384
116,CRIX.UPBIT.KRW-BTC,2020-04-29T00:00:00+00:00,2020-04-29T09:00:00+09:00,9410000.0,10681000.0,9376000.0,10530000.0,11013.08164828,110444379579.33873,1588204799403,9410000.0,RISE,1120000.0,1120000.0,0.1190223167,0.1190223167
117,CRIX.UPBIT.KRW-BTC,2020-04-28T00:00:00+00:00,2020-04-28T09:00:00+09:00,9490000.0,9497000.0,9339000.0,9410000.0,3693.3169669,34671169783.04715,1588118399738,9490000.0,FALL,80000.0,-80000.0,0.0084299262,-0.0084299262
118,CRIX.UPBIT.KRW-BTC,2020-04-27T00:00:00+00:00,2020-04-27T09:00:00+09:00,9376000.0,9495000.0,9313000.0,9490000.0,4609.29072228,43330227689.96457,1588031995213,9376000.0,RISE,114000.0,114000.0,0.0121587031,0.0121587031
119,CRIX.UPBIT.KRW-BTC,2020-04-26T00:00:00+00:00,2020-04-26T09:00:00+09:00,9155000.0,9377000.0,9149000.0,9376000.0,3784.44629212,34981047552.61548,1587945602506,9164000.0,RISE,212000.0,212000.0,0.0231340026,0.0231340026
120,CRIX.UPBIT.KRW-BTC,2020-04-25T00:00:00+00:00,2020-04-25T09:00:00+09:00,9100000.0,9280000.0,9060000.0,9164000.0,3113.15926538,28532180064.85698,1587859186331,9100000.0,RISE,64000.0,64000.0,0.007032967,0.007032967
121,CRIX.UPBIT.KRW-BTC,2020-04-24T00:00:00+00:00,2020-04-24T09:00:00+09:00,9052000.0,9231000.0,8985000.0,9100000.0,5226.5308807,47706101913.20312,1587772790861,9057000.0,RISE,43000.0,43000.0,0.004747709,0.004747709
122,CRIX.UPBIT.KRW-BTC,2020-04-23T00:00:00+00:00,2020-04-23T09:00:00+09:00,8640000.0,9167000.0,8567000.0,9057000.0,7418.27381504,65954842381.01504,1587686399564,8636000.0,RISE,421000.0,421000.0,0.048749421,0.048749421
123,CRIX.UPBIT.KRW-BTC,2020-04-22T00:00:00+00:00,2020-04-22T09:00:00+09:00,8407000.0,8675000.0,8384000.0,8636000.0,3244.89172282,27659407696.30417,1587599995404,8407000.0,RISE,229000.0,229000.0,0.0272392054,0.0272392054
124,CRIX.UPBIT.KRW-BTC,2020-04-21T00:00:00+00:00,2020-04-21T09:00:00+09:00,8387000.0,8498000.0,8300000.0,8407000.0,3426.08047539,28791068485.2382,1587513590815,8387000.0,RISE,20000.0,20000.0,0.0023846429,0.0023846429
125,CRIX.UPBIT.KRW-BTC,2020-04-20T00:00:00+00:00,2020-04-20T09:00:00+09:00,8660000.0,8720000.0,8366000.0,8387000.0,4451.04386799,38092530426.45303,1587427199039,8660000.0,FALL,273000.0,-273000.0,0.0315242494,-0.0315242494
126,CRIX.UPBIT.KRW-BTC,2020-04-19T00:00:00+00:00,2020-04-19T09:00:00+09:00,8712000.0,8734000.0,8546000.0,8660000.0,2777.53215337,24012550572.2958,1587340795956,8712000.0,FALL,52000.0,-52000.0,0.0059687787,-0.0059687787
127,CRIX.UPBIT.KRW-BTC,2020-04-18T00:00:00+00:00,2020-04-18T09:00:00+09:00,8519000.0,8752000.0,8510000.0,8712000.0,3336.68352877,28862336552.48961,1587254363300,8519000.0,RISE,193000.0,193000.0,0.0226552412,0.0226552412
128,CRIX.UPBIT.KRW-BTC,2020-04-17T00:00:00+00:00,2020-04-17T09:00:00+09:00,8557000.0,8611000.0,8480000.0,8519000.0,3897.44973793,33310417689.91315,1587167997646,8562000.0,FALL,43000.0,-43000.0,0.0050221911,-0.0050221911
129,CRIX.UPBIT.KRW-BTC,2020-04-16T00:00:00+00:00,2020-04-16T09:00:00+09:00,8107000.0,8621000.0,7929000.0,8562000.0,8091.89938013,67629188061.75458,1587081594886,8108000.0,RISE,454000.0,454000.0,0.0559940799,0.0559940799
130,CRIX.UPBIT.KRW-BTC,2020-04-15T00:00:00+00:00,2020-04-15T09:00:00+09:00,8375000.0,8415000.0,8089000.0,8108000.0,3098.61249041,25649898511.09893,1586995193883,8378000.0,FALL,270000.0,-270000.0,0.0322272619,-0.0322272619
131,CRIX.UPBIT.KRW-BTC,2020-04-14T00:00:00+00:00,2020-04-14T09:00:00+09:00,8379000.0,8456000.0,8272000.0,8378000.0,3625.16088474,30379576002.29706,1586908796981,8379000.0,FALL,1000.0,-1000.0,0.000119346,-0.000119346
132,CRIX.UPBIT.KRW-BTC,2020-04-13T00:00:00+00:00,2020-04-13T09:00:00+09:00,8464000.0,8472000.0,8162000.0,8379000.0,5377.6360057,44627031065.6945,1586822399667,8470000.0,FALL,91000.0,-91000.0,0.0107438017,-0.0107438017
133,CRIX.UPBIT.KRW-BTC,2020-04-12T00:00:00+00:00,2020-04-12T09:00:00+09:00,8463000.0,8752000.0,8341000.0,8470000.0,4191.06001998,35752626298.30619,1586735995946,8463000.0,RISE,7000.0,7000.0,0.0008271299,0.0008271299
134,CRIX.UPBIT.KRW-BTC,2020-04-11T00:00:00+00:00,2020-04-11T09:00:00+09:00,8413000.0,8535000.0,8318000.0,8463000.0,2654.49523735,22368574096.73553,1586649598279,8414000.0,RISE,49000.0,49000.0,0.0058236273,0.0058236273
135,CRIX.UPBIT.KRW-BTC,2020-04-10T00:00:00+00:00,2020-04-10T09:00:00+09:00,8803000.0,8825000.0,8241000.0,8414000.0,6529.56215242,55351728618.89104,1586563195365,8804000.0,FALL,390000.0,-390000.0,0.0442980463,-0.0442980463
136,CRIX.UPBIT.KRW-BTC,2020-04-09T00:00:00+00:00,2020-04-09T09:00:00+09:00,8821000.0,8853000.0,8648000.0,8804000.0,4206.92418803,36987971406.59018,1586476794684,8821000.0,FALL,17000.0,-17000.0,0.0019272191,-0.0019272191
137,CRIX.UPBIT.KRW-BTC,2020-04-08T00:00:00+00:00,2020-04-08T09:00:00+09:00,8652000.0,8913000.0,8621000.0,8821000.0,5003.68118787,43997731887.30369,1586390399315,8660000.0,RISE,161000.0,161000.0,0.018591224,0.018591224
138,CRIX.UPBIT.KRW-BTC,2020-04-07T00:00:00+00:00,2020-04-07T09:00:00+09:00,8777000.0,8957000.0,8544000.0,8660000.0,8498.13271433,74538410402.35628,1586304000046,8786000.0,FALL,126000.0,-126000.0,0.014340997,-0.014340997
139,CRIX.UPBIT.KRW-BTC,2020-04-06T00:00:00+00:00,2020-04-06T09:00:00+09:00,8198000.0,8800000.0,8183000.0,8786000.0,8571.0711143,72706844879.92377,1586217597930,8198000.0,RISE,588000.0,588000.0,0.0717248109,0.0717248109
140,CRIX.UPBIT.KRW-BTC,2020-04-05T00:00:00+00:00,2020-04-05T09:00:00+09:00,8248000.0,8280000.0,8100000.0,8198000.0,2884.40931408,23644907828.99628,1586131197225,8249000.0,FALL,51000.0,-51000.0,0.0061825676,-0.0061825676
141,CRIX.UPBIT.KRW-BTC,2020-04-04T00:00:00+00:00,2020-04-04T09:00:00+09:00,8149000.0,8333000.0,8100000.0,8249000.0,3955.73334087,32433052095.35902,1586044784820,8156000.0,RISE,93000.0,93000.0,0.0114026484,0.0114026484
142,CRIX.UPBIT.KRW-BTC,2020-04-03T00:00:00+00:00,2020-04-03T09:00:00+09:00,8160000.0,8434000.0,8041000.0,8156000.0,7822.87703206,64473002955.66061,1585958394533,8174000.0,FALL,18000.0,-18000.0,0.0022021042,-0.0022021042
143,CRIX.UPBIT.KRW-BTC,2020-04-02T00:00:00+00:00,2020-04-02T09:00:00+09:00,8065000.0,8505000.0,7989000.0,8174000.0,12240.95376526,100090375777.17305,1585871997620,8074000.0,RISE,100000.0,100000.0,0.0123854347,0.0123854347
144,CRIX.UPBIT.KRW-BTC,2020-04-01T00:00:00+00:00,2020-04-01T09:00:00+09:00,7799000.0,8096000.0,7529000.0,8074000.0,6726.18023048,52150557186.0416,1585785597269,7799000.0,RISE,275000.0,275000.0,0.0352609309,0.0352609309
145,CRIX.UPBIT.KRW-BTC,2020-03-31T00:00:00+00:00,2020-03-31T09:00:00+09:00,7794000.0,7989000.0,7735000.0,7799000.0,6667.69225968,52283714552.81296,1585699199936,7798000.0,RISE,1000.0,1000.0,0.000128238,0.000128238
146,CRIX.UPBIT.KRW-BTC,2020-03-30T00:00:00+00:00,2020-03-30T09:00:00+09:00,7218000.0,8014000.0,7199000.0,7798000.0,9173.56085136,70373556933.76357,1585612799705,7218000.0,RISE,580000.0,580000.0,0.0803546689,0.0803546689
147,CRIX.UPBIT.KRW-BTC,2020-03-29T00:00:00+00:00,2020-03-29T09:00:00+09:00,7658000.0,7679000.0,7215000.0,7218000.0,4443.49787898,33144434809.19465,1585526399372,7656000.0,FALL,438000.0,-438000.0,0.0572100313,-0.0572100313
148,CRIX.UPBIT.KRW-BTC,2020-03-28T00:00:00+00:00,2020-03-28T09:00:00+09:00,7883000.0,7885000.0,7403000.0,7656000.0,7702.10233717,58835916140.38488,1585440000078,7880000.0,FALL,224000.0,-224000.0,0.0284263959,-0.0284263959
149,CRIX.UPBIT.KRW-BTC,2020-03-27T00:00:00+00:00,2020-03-27T09:00:00+09:00,8281000.0,8365000.0,7820000.0,7880000.0,6749.55305514,55144155849.46984,1585353598482,8272000.0,FALL,392000.0,-392000.0,0.0473887814,-0.0473887814
150,CRIX.UPBIT.KRW-BTC,2020-03-26T00:00:00+00:00,2020-03-26T09:00:00+09:00,8276000.0,8344000.0,8091000.0,8272000.0,6160.81327022,50572458751.8524,1585267195964,8271000.0,RISE,1000.0,1000.0,0.0001209044,0.0001209044
151,CRIX.UPBIT.KRW-BTC,2020-03-25T00:00:00+00:00,2020-03-25T09:00:00+09:00,8362000.0,8538000.0,8080000.0,8271000.0,12629.11800824,104387572650.63805,1585180799616,8367000.0,FALL,96000.0,-96000.0,0.0114736465,-0.0114736465
152,CRIX.UPBIT.KRW-BTC,2020-03-24T00:00:00+00:00,2020-03-24T09:00:00+09:00,8047000.0,8412000.0,7892000.0,8367000.0,15158.03958932,124421564467.6691,1585094390394,8047000.0,RISE,320000.0,320000.0,0.0397663726,0.0397663726
153,CRIX.UPBIT.KRW-BTC,2020-03-23T00:00:00+00:00,2020-03-23T09:00:00+09:00,7379000.0,8189000.0,7219000.0,8047000.0,16867.52953401,130578086382.88248,1585008000071,7366000.0,RISE,681000.0,681000.0,0.0924518056,0.0924518056
154,CRIX.UPBIT.KRW-BTC,2020-03-22T00:00:00+00:00,2020-03-22T09:00:00+09:00,7740000.0,7970000.0,7335000.0,7366000.0,8795.77503858,67529265090.97894,1584921596897,7740000.0,FALL,374000.0,-374000.0,0.0483204134,-0.0483204134
155,CRIX.UPBIT.KRW-BTC,2020-03-21T00:00:00+00:00,2020-03-21T09:00:00+09:00,7788000.0,8093000.0,7415000.0,7740000.0,11663.73945474,90568223997.41066,1584835199060,7781000.0,FALL,41000.0,-41000.0,0.0052692456,-0.0052692456
156,CRIX.UPBIT.KRW-BTC,2020-03-20T00:00:00+00:00,2020-03-20T09:00:00+09:00,7675000.0,8645000.0,7384000.0,7781000.0,24142.35878974,193507467825.9072,1584748799703,7679000.0,RISE,102000.0,102000.0,0.0132829796,0.0132829796
157,CRIX.UPBIT.KRW-BTC,2020-03-19T00:00:00+00:00,2020-03-19T09:00:00+09:00,6747000.0,8111000.0,6613000.0,7679000.0,22522.27502999,163162496920.4249,1584662399647,6745000.0,RISE,934000.0,934000.0,0.1384729429,0.1384729429
158,CRIX.UPBIT.KRW-BTC,2020-03-18T00:00:00+00:00,2020-03-18T09:00:00+09:00,6774000.0,6895000.0,6371000.0,6745000.0,13630.45744463,90178224521.26544,1584575991601,6774000.0,FALL,29000.0,-29000.0,0.0042810747,-0.0042810747
159,CRIX.UPBIT.KRW-BTC,2020-03-17T00:00:00+00:00,2020-03-17T09:00:00+09:00,6385000.0,6885000.0,6280000.0,6774000.0,14938.32946615,99557225303.8215,1584489599428,6385000.0,RISE,389000.0,389000.0,0.0609240407,0.0609240407
160,CRIX.UPBIT.KRW-BTC,2020-03-16T00:00:00+00:00,2020-03-16T09:00:00+09:00,6905000.0,6914000.0,6000000.0,6385000.0,19383.80784892,123963673882.0257,1584403199981,6909000.0,FALL,524000.0,-524000.0,0.0758431032,-0.0758431032
161,CRIX.UPBIT.KRW-BTC,2020-03-15T00:00:00+00:00,2020-03-15T09:00:00+09:00,6823000.0,7298000.0,6660000.0,6909000.0,10779.97008444,74519102976.46239,1584316799892,6823000.0,RISE,86000.0,86000.0,0.0126044262,0.0126044262
162,CRIX.UPBIT.KRW-BTC,2020-03-14T00:00:00+00:00,2020-03-14T09:00:00+09:00,7261000.0,7284000.0,6600000.0,6823000.0,12799.58220451,89133217358.10507,1584230400065,7267000.0,FALL,444000.0,-444000.0,0.0610981148,-0.0610981148
163,CRIX.UPBIT.KRW-BTC,2020-03-13T00:00:00+00:00,2020-03-13T09:00:00+09:00,6362000.0,7470000.0,5489000.0,7267000.0,50282.2630063,338082041287.79266,1584143999212,6363000.0,RISE,904000.0,904000.0,0.14207135,0.14207135
164,CRIX.UPBIT.KRW-BTC,2020-03-12T00:00:00+00:00,2020-03-12T09:00:00+09:00,9507000.0,9537000.0,5980000.0,6363000.0,29866.02509793,235086071483.29202,1584057600154,9510000.0,FALL,3147000.0,-3147000.0,0.3309148265,-0.3309148265
165,CRIX.UPBIT.KRW-BTC,2020-03-11T00:00:00+00:00,2020-03-11T09:00:00+09:00,9574000.0,9637000.0,9163000.0,9510000.0,4110.01716377,38718191633.9791,1583971200076,9574000.0,FALL,64000.0,-64000.0,0.0066847713,-0.0066847713
166,CRIX.UPBIT.KRW-BTC,2020-03-10T00:00:00+00:00,2020-03-10T09:00:00+09:00,9726000.0,9849000.0,9413000.0,9574000.0,4439.33233281,42778061109.16792,1583884800051,9726000.0,FALL,152000.0,-152000.0,0.015628213,-0.015628213
167,CRIX.UPBIT.KRW-BTC,2020-03-09T00:00:00+00:00,2020-03-09T09:00:00+09:00,9883000.0,10064000.0,9356000.0,9726000.0,7692.57580749,74351398658.28822,1583798399949,9876000.0,FALL,150000.0,-150000.0,0.0151883354,-0.0151883354
168,CRIX.UPBIT.KRW-BTC,2020-03-08T00:00:00+00:00,2020-03-08T09:00:00+09:00,10678000.0,10699000.0,9820000.0,9876000.0,5043.98089229,51846074009.69201,1583711999532,10678000.0,FALL,802000.0,-802000.0,0.0751076981,-0.0751076981
169,CRIX.UPBIT.KRW-BTC,2020-03-07T00:00:00+00:00,2020-03-07T09:00:00+09:00,10852000.0,10980000.0,10648000.0,10678000.0,2335.98366227,25243997328.05842,1583625596264,10840000.0,FALL,162000.0,-162000.0,0.0149446494,-0.0149446494
170,CRIX.UPBIT.KRW-BTC,2020-03-06T00:00:00+00:00,2020-03-06T09:00:00+09:00,10791000.0,10890000.0,10720000.0,10840000.0,2353.86089792,25470551278.05139,1583539182998,10791000.0,RISE,49000.0,49000.0,0.0045408211,0.0045408211
171,CRIX.UPBIT.KRW-BTC,2020-03-05T00:00:00+00:00,2020-03-05T09:00:00+09:00,10504000.0,10869000.0,10494000.0,10791000.0,3582.13634673,38380097237.09234,1583452799537,10503000.0,RISE,288000.0,288000.0,0.0274207369,0.0274207369
172,CRIX.UPBIT.KRW-BTC,2020-03-04T00:00:00+00:00,2020-03-04T09:00:00+09:00,10502000.0,10588000.0,10420000.0,10503000.0,2250.68759875,23622827783.23433,1583366396531,10502000.0,RISE,1000.0,1000.0,9.522e-05,9.522e-05
173,CRIX.UPBIT.KRW-BTC,2020-03-03T00:00:00+00:00,2020-03-03T09:00:00+09:00,10675000.0,10689000.0,10405000.0,10502000.0,2858.43820794,30119548760.45767,1583279999881,10675000.0,FALL,173000.0,-173000.0,0.016206089,-0.016206089
174,CRIX.UPBIT.KRW-BTC,2020-03-02T00:00:00+00:00,2020-03-02T09:00:00+09:00,10358000.0,10749000.0,10326000.0,10675000.0,3010.56353784,31672027841.03262,1583193600020,10374000.0,RISE,301000.0,301000.0,0.0290148448,0.0290148448
175,CRIX.UPBIT.KRW-BTC,2020-03-01T00:00:00+00:00,2020-03-01T09:00:00+09:00,10380000.0,10559000.0,10287000.0,10374000.0,3275.71519136,34073229456.85715,1583107200097,10374000.0,EVEN,0.0,,0.0,0.0
176,CRIX.UPBIT.KRW-BTC,2020-02-29T00:00:00+00:00,2020-02-29T09:00:00+09:00,10575000.0,10631000.0,10371000.0,10374000.0,2145.36310753,22523893822.66752,1583020800101,10575000.0,FALL,201000.0,-201000.0,0.0190070922,-0.0190070922
177,CRIX.UPBIT.KRW-BTC,2020-02-28T00:00:00+00:00,2020-02-28T09:00:00+09:00,10696000.0,10840000.0,10306000.0,10575000.0,5181.61535688,54606619565.01113,1582934393990,10699000.0,FALL,124000.0,-124000.0,0.0115898682,-0.0115898682
178,CRIX.UPBIT.KRW-BTC,2020-02-27T00:00:00+00:00,2020-02-27T09:00:00+09:00,10742000.0,10888000.0,10313000.0,10699000.0,6437.73425905,68530906781.28176,1582847997555,10741000.0,FALL,42000.0,-42000.0,0.0039102504,-0.0039102504
179,CRIX.UPBIT.KRW-BTC,2020-02-26T00:00:00+00:00,2020-02-26T09:00:00+09:00,11330000.0,11408000.0,10628000.0,10741000.0,7477.71264507,82455216388.6713,1582761597275,11330000.0,FALL,589000.0,-589000.0,0.0519858782,-0.0519858782
180,CRIX.UPBIT.KRW-BTC,2020-02-25T00:00:00+00:00,2020-02-25T09:00:00+09:00,11635000.0,11639000.0,11280000.0,11330000.0,3895.25756826,44619424372.32915,1582675199425,11633000.0,FALL,303000.0,-303000.0,0.0260465916,-0.0260465916
181,CRIX.UPBIT.KRW-BTC,2020-02-24T00:00:00+00:00,2020-02-24T09:00:00+09:00,11753000.0,11840000.0,11555000.0,11633000.0,3115.02855796,36343856049.82913,1582588794039,11753000.0,FALL,120000.0,-120000.0,0.0102101591,-0.0102101591
182,CRIX.UPBIT.KRW-BTC,2020-02-23T00:00:00+00:00,2020-02-23T09:00:00+09:00,11495000.0,11831000.0,11482000.0,11753000.0,3288.45979643,38424742191.869,1582502400102,11496000.0,RISE,257000.0,257000.0,0.0223556019,0.0223556019
183,CRIX.UPBIT.KRW-BTC,2020-02-22T00:00:00+00:00,2020-02-22T09:00:00+09:00,11498000.0,11529000.0,11395000.0,11496000.0,1836.08707185,21067376074.52816,1582415999569,11498000.0,FALL,2000.0,-2000.0,0.0001739433,-0.0001739433
184,CRIX.UPBIT.KRW-BTC,2020-02-21T00:00:00+00:00,2020-02-21T09:00:00+09:00,11532000.0,11620000.0,11454000.0,11498000.0,4249.29863364,49077437552.63174,1582329593954,11520000.0,FALL,22000.0,-22000.0,0.0019097222,-0.0019097222
185,CRIX.UPBIT.KRW-BTC,2020-02-20T00:00:00+00:00,2020-02-20T09:00:00+09:00,11419000.0,11580000.0,11350000.0,11520000.0,6303.71044042,72234337182.59335,1582243197876,11415000.0,RISE,105000.0,105000.0,0.0091984231,0.0091984231
186,CRIX.UPBIT.KRW-BTC,2020-02-19T00:00:00+00:00,2020-02-19T09:00:00+09:00,11837000.0,11973000.0,11350000.0,11415000.0,5713.59402305,67070310930.24622,1582156787770,11838000.0,FALL,423000.0,-423000.0,0.0357323872,-0.0357323872
187,CRIX.UPBIT.KRW-BTC,2020-02-18T00:00:00+00:00,2020-02-18T09:00:00+09:00,11438000.0,11900000.0,11308000.0,11838000.0,5450.8758839,62996029296.63419,1582070399303,11438000.0,RISE,400000.0,400000.0,0.0349711488,0.0349711488
188,CRIX.UPBIT.KRW-BTC,2020-02-17T00:00:00+00:00,2020-02-17T09:00:00+09:00,11659000.0,11691000.0,11136000.0,11438000.0,5888.97179664,67010421516.05557,1581983999287,11659000.0,FALL,221000.0,-221000.0,0.0189553135,-0.0189553135
189,CRIX.UPBIT.KRW-BTC,2020-02-16T00:00:00+00:00,2020-02-16T09:00:00+09:00,11513000.0,11766000.0,11320000.0,11659000.0,5377.24392055,61959756344.30487,1581897599377,11503000.0,RISE,156000.0,156000.0,0.0135616796,0.0135616796
190,CRIX.UPBIT.KRW-BTC,2020-02-15T00:00:00+00:00,2020-02-15T09:00:00+09:00,11857000.0,11889000.0,11400000.0,11503000.0,4844.00618252,56761104058.12535,1581811198214,11845000.0,FALL,342000.0,-342000.0,0.0288729422,-0.0288729422
191,CRIX.UPBIT.KRW-BTC,2020-02-14T00:00:00+00:00,2020-02-14T09:00:00+09:00,11793000.0,11899000.0,11717000.0,11845000.0,4420.81384236,52247414483.7466,1581724798962,11793000.0,RISE,52000.0,52000.0,0.0044093954,0.0044093954
192,CRIX.UPBIT.KRW-BTC,2020-02-13T00:00:00+00:00,2020-02-13T09:00:00+09:00,11793000.0,12044000.0,11580000.0,11793000.0,9190.66395973,108560211308.22157,1581638395350,11793000.0,EVEN,0.0,,0.0,0.0
193,CRIX.UPBIT.KRW-BTC,2020-02-12T00:00:00+00:00,2020-02-12T09:00:00+09:00,11820000.0,11956000.0,11761000.0,11793000.0,6619.13819041,78341582233.6628,1581551999835,11819000.0,FALL,26000.0,-26000.0,0.0021998477,-0.0021998477
194,CRIX.UPBIT.KRW-BTC,2020-02-11T00:00:00+00:00,2020-02-11T09:00:00+09:00,11520000.0,11950000.0,11269000.0,11819000.0,6034.79122331,69984450456.1307,1581465600081,11520000.0,RISE,299000.0,299000.0,0.0259548611,0.0259548611
195,CRIX.UPBIT.KRW-BTC,2020-02-10T00:00:00+00:00,2020-02-10T09:00:00+09:00,11821000.0,11864000.0,11392000.0,11520000.0,5213.48423455,60459892531.15172,1581379199299,11821000.0,FALL,301000.0,-301000.0,0.0254631588,-0.0254631588
196,CRIX.UPBIT.KRW-BTC,2020-02-09T00:00:00+00:00,2020-02-09T09:00:00+09:00,11568000.0,11863000.0,11567000.0,11821000.0,4936.95291749,57924089180.77049,1581292799941,11568000.0,RISE,253000.0,253000.0,0.0218706777,0.0218706777
197,CRIX.UPBIT.KRW-BTC,2020-02-08T00:00:00+00:00,2020-02-08T09:00:00+09:00,11490000.0,11600000.0,11257000.0,11568000.0,4372.50942089,49928407922.05405,1581206398347,11490000.0,RISE,78000.0,78000.0,0.0067885117,0.0067885117
198,CRIX.UPBIT.KRW-BTC,2020-02-07T00:00:00+00:00,2020-02-07T09:00:00+09:00,11269000.0,11610000.0,11256000.0,11490000.0,4139.85704717,47385485847.47539,1581119999892,11264000.0,RISE,226000.0,226000.0,0.0200639205,0.0200639205
199,CRIX.UPBIT.KRW-BTC,2020-02-06T00:00:00+00:00,2020-02-06T09:00:00+09:00,11068000.0,11410000.0,10905000.0,11264000.0,5742.27238319,64300123937.46006,1581033597457,11054000.0,RISE,210000.0,210000.0,0.0189976479,0.0189976479
